"State","Reported Cases","Legend"
AL,8,6 to 8
AR,7,6 to 8
AZ,91,>25
CA,211,>25
CO,52,>25
CT,8,6 to 8
DC,7,6 to 8
DE,3,1 to 5
FL,3,1 to 5
GA,17,9 to 25
IA,4,1 to 5
ID,7,6 to 8
IL,40,>25
IN,7,6 to 8
KS,9,9 to 25
KY,8,6 to 8
LA,21,9 to 25
MA,10,9 to 25
MD,14,9 to 25
MI,22,9 to 25
MN,15,9 to 25
MO,11,9 to 25
MS,18,9 to 25
MT,7,6 to 8
NC,10,9 to 25
ND,46,>25
NE,39,>25
NJ,9,9 to 25
NM,16,9 to 25
NV,2,1 to 5
NY,55,>25
OH,14,9 to 25
OK,3,1 to 5
PA,24,9 to 25
SC,22,9 to 25
SD,6,6 to 8
TN,6,6 to 8
TX,67,>25
UT,39,>25
VA,22,9 to 25
WA,1,1 to 5
WI,4,1 to 5
WY,2,1 to 5
